<?xml version="1.0"?>
<!--<!DOCTYPE metadata SYSTEM "http://www.esri.com/metadata/esriprof80.dtd">-->
<metadata xml:lang="en"><Esri><CreaDate>20060529</CreaDate><CreaTime>11371900</CreaTime><SyncOnce>TRUE</SyncOnce><DataProperties><lineage><Process ToolSource="C:\Program Files\ArcGIS\ArcToolbox\Toolboxes\Data Management Tools.tbx\Append" Date="20060509" Time="124532">Append C:\temp\scratch\scratchFC5 "C:\WINNT\Profiles\round hugh\Application Data\ESRI\ArcCatalog\distdev.sde\APPT250K.Framework\APPT250K.Islands" NO_TEST "C:\WINNT\Profiles\round hugh\Application Data\ESRI\ArcCatalog\distdev.sde\APPT250K.Framework\APPT250K.Islands"</Process></lineage></DataProperties><MetaID>{450FB1A7-F05A-4A0F-87B8-E5245796932E}</MetaID></Esri><idinfo><citation><citeinfo><onlink Sync="TRUE"></onlink></citeinfo></citation></idinfo><distInfo><distributor><distorTran><onLineSrc><linkage Sync="TRUE">file://</linkage><protocol Sync="TRUE">Local Area Network</protocol></onLineSrc></distorTran></distributor></distInfo><dataqual><lineage><procstep><procdesc Sync="TRUE">Dataset copied.</procdesc><srcused Sync="TRUE">Server=craton; Service=5156; Database=distdev; User=appt250k; Version=SDE.DEFAULT</srcused><date Sync="TRUE">20060511</date><time Sync="TRUE">14202700</time></procstep><procstep><procdesc Sync="TRUE">Dataset copied.</procdesc><srcused Sync="TRUE">Server=atlas; Service=5155; Database=sdetdist; User=lmansfie; Version=SDE.DEFAULT</srcused><date Sync="TRUE">20060516</date><time Sync="TRUE">12043100</time></procstep><procstep><procdesc Sync="TRUE">Dataset copied.</procdesc><srcused Sync="TRUE">\\Zoom\Geodata3\NTDB_Full_Extent\Framework.mdb</srcused><date Sync="TRUE">20060529</date><time Sync="TRUE">11371900</time></procstep></lineage></dataqual></metadata>
