<?xml version="1.0"?>
<!--<!DOCTYPE metadata SYSTEM "http://www.esri.com/metadata/esriprof80.dtd">-->
<metadata xml:lang="en"><Esri><CreaDate>20060529</CreaDate><CreaTime>11363000</CreaTime><SyncOnce>TRUE</SyncOnce><DataProperties><lineage><Process ToolSource="C:\Program Files\ArcGIS\ArcToolbox\Toolboxes\Data Management Tools.tbx\Append" Date="20060509" Time="124705">Append C:\temp\scratch\scratchFC7 "C:\WINNT\Profiles\round hugh\Application Data\ESRI\ArcCatalog\distdev.sde\APPT250K.Framework\APPT250K.Locations" NO_TEST "C:\WINNT\Profiles\round hugh\Application Data\ESRI\ArcCatalog\distdev.sde\APPT250K.Framework\APPT250K.Locations"</Process></lineage></DataProperties><MetaID>{54DC2DD6-A552-4D85-917E-F83B7727158C}</MetaID></Esri><idinfo><citation><citeinfo><onlink Sync="TRUE"></onlink></citeinfo></citation></idinfo><distInfo><distributor><distorTran><onLineSrc><linkage Sync="TRUE">file://</linkage><protocol Sync="TRUE">Local Area Network</protocol></onLineSrc></distorTran></distributor></distInfo><dataqual><lineage><procstep><procdesc Sync="TRUE">Dataset copied.</procdesc><srcused Sync="TRUE">Server=craton; Service=5156; Database=distdev; User=appt250k; Version=SDE.DEFAULT</srcused><date Sync="TRUE">20060511</date><time Sync="TRUE">14152300</time></procstep><procstep><procdesc Sync="TRUE">Dataset copied.</procdesc><srcused Sync="TRUE">Server=atlas; Service=5155; Database=sdetdist; User=lmansfie; Version=SDE.DEFAULT</srcused><date Sync="TRUE">20060516</date><time Sync="TRUE">12031800</time></procstep><procstep><procdesc Sync="TRUE">Dataset copied.</procdesc><srcused Sync="TRUE">\\Zoom\Geodata3\NTDB_Full_Extent\Framework.mdb</srcused><date Sync="TRUE">20060529</date><time Sync="TRUE">11363000</time></procstep></lineage></dataqual></metadata>
